<?xml version="1.0" encoding="UTF-8"?>
<extentreports>
    <configuration>
        <!-- report theme -->
        <!-- standard, dark -->
        <theme>dark</theme>
    
        <!-- document encoding -->
        <!-- defaults to UTF-8 -->
        <encoding>UTF-8</encoding>
        
        <!-- protocol for script and stylesheets -->
        <!-- defaults to https -->
        <protocol>https</protocol>
        
        <!-- title of the document -->
        <documentTitle>Health Product Journey Report</documentTitle>
        
        <!-- report name - displayed at top-nav -->
        <reportName>Health Product Automation Report</reportName>
        <reportHeadline>A journey through automation</reportHeadline>
        
        <!-- location of charts in the test view -->
        <!-- top, bottom -->
        <testViewChartLocation>bottom</testViewChartLocation>
        
        <!-- custom javascript -->
        <scripts>
            <![CDATA[
                $(document).ready(function() {
            $('#parentWithoutNodes').prop("checked", true).click();
            $('#test-count-setting > div.modal-footer > a')[0].click();
        });
            ]]>
        </scripts>
        
        <!-- custom styles -->
        <styles>
            <![CDATA[
                
            ]]>
        </styles>
    </configuration>
</extentreports>